<?xml version="1.0" encoding="utf-8"?>
<modification>
  <code>CPD-IE</code>
	<name>Custom Product Designer By iExtend Labs</name>
	<version>1.0</version>
	<author>iExtend Labs || support@iextendlabs.com</author>
	<link>http://iextendlabs.com</link>

  <file path="system/library/cart/cart.php">
    <operation>
      <search><![CDATA[$option_data = array();]]></search>
      <add position="before"><![CDATA[$custom_data = $cart['custom_data'];]]></add>
    </operation>

    <operation>
      <search><![CDATA[$product_data[] = array(]]></search>
      <add position="after"><![CDATA['custom_data'     => $custom_data,]]></add>
    </operation>

    <operation>
      <search><![CDATA[public function add($product_id, $quantity = 1, $option = array(), $recurring_id = 0) {]]></search>
      <add position="replace"><![CDATA[public function add($product_id, $quantity = 1, $option = array(), $custom_data = null, $recurring_id = 0) {]]></add>
    </operation>

    <operation>
      <search><![CDATA[$query = $this->db->query("SELECT COUNT(*) AS total FROM " . DB_PREFIX . "cart WHERE api_id = '" . (isset($this->session->data['api_id']) ? (int)$this->session->data['api_id'] : 0) . "' AND customer_id = '" . (int)$this->customer->getId() . "' AND session_id = '" . $this->db->escape($this->session->getId()) . "' AND product_id = '" . (int)$product_id . "' AND recurring_id = '" . (int)$recurring_id . "' AND `option` = '" . $this->db->escape(json_encode($option)) . "'");]]></search>
      <add position="before"><![CDATA[$custom = $custom_data ? ",custom_data = '" . $this->db->escape($custom_data) . "'": "";]]></add>
    </operation>

    <operation>
      <search><![CDATA[if (!$query->row['total']) {]]></search>
      <add position="replace"><![CDATA[if (!$query->row['total'] || ($query->row['total'] && !$query->row['custom_data'])) {]]></add>
    </operation>

    <operation>
      <search><![CDATA[$this->db->query("INSERT INTO " . DB_PREFIX . "cart SET api_id = '" . (isset($this->session->data['api_id']) ? (int)$this->session->data['api_id'] : 0) . "', customer_id = '" . (int)$this->customer->getId() . "', session_id = '" . $this->db->escape($this->session->getId()) . "', product_id = '" . (int)$product_id . "', recurring_id = '" . (int)$recurring_id . "', `option` = '" . $this->db->escape(json_encode($option)) . "', quantity = '" . (int)$quantity . "', date_added = NOW()");]]></search>
      <add position="replace"><![CDATA[$this->db->query("INSERT INTO " . DB_PREFIX . "cart SET api_id = '" . (isset($this->session->data['api_id']) ? (int)$this->session->data['api_id'] : 0) . "', customer_id = '" . (int)$this->customer->getId() . "', session_id = '" . $this->db->escape($this->session->getId()) . "', product_id = '" . (int)$product_id . "', recurring_id = '" . (int)$recurring_id . "', `option` = '" . $this->db->escape(json_encode($option)) . "', quantity = '" . (int)$quantity . "', date_added = NOW()".$custom);]]></add>
    </operation>
	</file>

  <file path="admin/controller/catalog/product.php">
    <operation>
      <search><![CDATA[if (isset($this->request->post['product_special'])) {]]></search>
      <add position="before"><![CDATA[
        if (isset($this->request->get['product_id'])) {
          $custom_config_data = $this->model_catalog_product->getProductCustomConfig($this->request->get['product_id']);
        }

        $data['iframe_url'] = $this->config->get('module_customdesigncart_iframe_url');
        $data['custom_design_cart'] = $this->config->get('module_customdesigncart_status');

        if (isset($this->request->post['restrict_add_element'])) {
            $data['restrict_add_element'] = $this->request->post['restrict_add_element'];
        } elseif (isset($this->request->get['product_id']) && !empty($custom_config_data)) {
            $data['restrict_add_element'] = (int)$custom_config_data['restrict_add_element'];
        } else {
            $data['restrict_add_element'] = 0;
        }

        if (isset($this->request->post['restrict_text_size'])) {
            $data['restrict_text_size'] = $this->request->post['restrict_text_size'];
        } elseif (isset($this->request->get['product_id']) && !empty($custom_config_data)) {
            $data['restrict_text_size'] = (int)$custom_config_data['restrict_text_size'];
        } else {
            $data['restrict_text_size'] = 0;
        }

        if (isset($this->request->post['restrict_text_color'])) {
            $data['restrict_text_color'] = $this->request->post['restrict_text_color'];
        } elseif (isset($this->request->get['product_id']) && !empty($custom_config_data)) {
            $data['restrict_text_color'] = (int)$custom_config_data['restrict_text_color'];
        } else {
            $data['restrict_text_color'] = 0;
        }

        if (isset($this->request->post['restrict_text_rotation'])) {
            $data['restrict_text_rotation'] = $this->request->post['restrict_text_rotation'];
        } elseif (isset($this->request->get['product_id']) && !empty($custom_config_data)) {
            $data['restrict_text_rotation'] = (int)$custom_config_data['restrict_text_rotation'];
        } else {
            $data['restrict_text_rotation'] = 0;
        }

        if (isset($this->request->post['restrict_text_position'])) {
            $data['restrict_text_position'] = $this->request->post['restrict_text_position'];
        } elseif (isset($this->request->get['product_id']) && !empty($custom_config_data)) {
            $data['restrict_text_position'] = (int)$custom_config_data['restrict_text_position'];
        } else {
            $data['restrict_text_position'] = 0;
        }

        if (isset($this->request->post['restrict_text_font'])) {
            $data['restrict_text_font'] = $this->request->post['restrict_text_font'];
        } elseif (isset($this->request->get['product_id']) && !empty($custom_config_data)) {
            $data['restrict_text_font'] = (int)$custom_config_data['restrict_text_font'];
        } else {
            $data['restrict_text_font'] = 0;
        }

        if (isset($this->request->post['restrict_image_rotation'])) {
            $data['restrict_image_rotation'] = $this->request->post['restrict_image_rotation'];
        } elseif (isset($this->request->get['product_id']) && !empty($custom_config_data)) {
            $data['restrict_image_rotation'] = (int)$custom_config_data['restrict_image_rotation'];
        } else {
            $data['restrict_image_rotation'] = 0;
        }

        if (isset($this->request->post['restrict_image_position'])) {
            $data['restrict_image_position'] = $this->request->post['restrict_image_position'];
        } elseif (isset($this->request->get['product_id']) && !empty($custom_config_data)) {
            $data['restrict_image_position'] = (int)$custom_config_data['restrict_image_position'];
        } else {
            $data['restrict_image_position'] = 0;
        }

        if ($this->request->server['HTTPS']) {
          $data['base'] = HTTPS_CATALOG;
        } else {
          $data['base'] = HTTP_CATALOG;
        }
      ]]></add>
    </operation>

    <operation>
      <search><![CDATA[// Image]]></search>
      <add position="before"><![CDATA[
        $product_id = isset($this->request->get['product_id']) ? (int)$this->request->get['product_id'] : 0;
        $custom_mockup_path = 'custom/' . $product_id . '.png';
        if ($product_id && is_file(DIR_IMAGE . $custom_mockup_path)) {
            $data['mockup_image'] = $custom_mockup_path;
        } elseif (isset($this->request->post['mockup_image'])) {
            $data['mockup_image'] = $this->request->post['mockup_image'];
        } else {
            $data['mockup_image'] = '';
        }

        $this->load->model('tool/image');

        if ($product_id && is_file(DIR_IMAGE . $custom_mockup_path)) {
          $data['thumb_mockup_image'] = $this->model_tool_image->resize($custom_mockup_path, 100, 100);
        } elseif (isset($this->request->post['mockup_image']) && is_file(DIR_IMAGE . $this->request->post['mockup_image'])) {
          $data['thumb_mockup_image'] = $this->model_tool_image->resize($this->request->post['mockup_image'], 100, 100);
        } elseif (!empty($product_info) && is_file(DIR_IMAGE . $data['mockup_image'])) {
          $data['thumb_mockup_image'] = $this->model_tool_image->resize($data['mockup_image'], 100, 100);
        } else {
          $data['thumb_mockup_image'] = $this->model_tool_image->resize('no_image.png', 100, 100);
        }
      ]]></add>
    </operation>

    <operation>
      <search><![CDATA[$this->load->model('setting/store');]]></search>
      <add position="before"><![CDATA[
        if (!empty($product_info)) {
          $data['product_id'] = $product_info['product_id'];
        }
      ]]></add>
    </operation>

    <operation>
      <search><![CDATA[$this->model_catalog_product->editProduct($this->request->get['product_id'], $this->request->post);]]></search>
      <add position="after"><![CDATA[
        if (isset($this->request->post['mockup_image']) && is_file(DIR_IMAGE . $this->request->post['mockup_image'])) {
          $product_id = (int)$this->request->get['product_id'];
          $custom_dir = DIR_IMAGE . 'custom/';
          $custom_image_path = $custom_dir . $product_id . '.png';
          if (!is_dir($custom_dir)) {
            mkdir($custom_dir, 0755, true);
          }
          $source_image = DIR_IMAGE . $this->request->post['mockup_image'];
          if (is_file($source_image)) {
            copy($source_image, $custom_image_path);
          }
        }
      ]]></add>
    </operation>

    <operation>
      <search><![CDATA[$this->model_catalog_product->addProduct($this->request->post);]]></search>
      <add position="replace"><![CDATA[
        $product_id = $this->model_catalog_product->addProduct($this->request->post);

        // Custom design mockup image copy logic
        if (isset($this->request->post['mockup_image']) && is_file(DIR_IMAGE . $this->request->post['mockup_image'])) {
          $custom_dir = DIR_IMAGE . 'custom/';
          $custom_image_path = $custom_dir . $product_id . '.png';
          if (!is_dir($custom_dir)) {
            mkdir($custom_dir, 0755, true);
          }
          $source_image = DIR_IMAGE . $this->request->post['mockup_image'];
          if (is_file($source_image)) {
            copy($source_image, $custom_image_path);
          }
        }
      ]]></add>
    </operation>
  </file>

  <file path="admin/language/en-gb/catalog/product.php">
    <operation>
      <search><![CDATA[$_['heading_title']          = 'Products';]]></search>
      <add position="after"><![CDATA[
        // Product Customization
        $_['entry_add_custom_product']              = 'Add Custom Product';
        $_['entry_mockup_upload']              = 'Mockup Upload';
        $_['entry_text_info']              = 'Please upload a mockup image to use as a base for product customization. Please save the product form once after uploading the mockup image.';
        $_['entry_text_add_element']              = 'Element Restriction';
        $_['entry_restrict_add_element']              = 'Restrict Add Element';
        $_['entry_text_restriction']              = 'Text Restrictions';
        $_['entry_restrict_text_size']              = 'Restrict Text Size';
        $_['entry_restrict_text_color']          = 'Restrict Text Color';
        $_['entry_restrict_text_rotation']              = 'Restrict Text Rotation';
        $_['entry_restrict_text_position']              = 'Restrict Text Position';
        $_['entry_restrict_text_font']              = 'Restrict Text Font';
        $_['entry_image_restriction']              = 'Image Restrictions';
        $_['entry_restrict_image_rotation']              = 'Restrict Image Rotation';
        $_['entry_restrict_image_position']              = 'Restrict Image Position';
      ]]></add>
    </operation>
  </file>

  <file path="admin/controller/sale/order.php">
    <operation>
      <search><![CDATA[public function info() {]]></search>
      <add position="after"><![CDATA[
        $data['iframe_url'] = $this->config->get('module_customdesigncart_iframe_url');
		    $data['custom_design_cart'] = $this->config->get('module_customdesigncart_status');
        if ($this->request->server['HTTPS']) {
          $data['base'] = HTTPS_CATALOG;
        } else {
          $data['base'] = HTTP_CATALOG;
        }
      ]]></add>
    </operation>

    <operation>
      <search><![CDATA[$data['products'][] = array(]]></search>
      <add position="before"><![CDATA[$custom_data = $this->model_sale_order->getOrderCustoms($this->request->get['order_id'], $product['order_product_id']);]]></add>
    </operation>

    <operation>
      <search><![CDATA[$data['products'][] = array(]]></search>
      <add position="after"><![CDATA['custom_data'           => $custom_data,]]></add>
    </operation>

    <operation>
      <search><![CDATA[$this->response->setOutput($this->load->view('sale/order_info', $data));]]></search>
      <add position="before"><![CDATA[
        $data['text_data'] = [];
        $data['images_data'] = [];
        
        foreach ($products as $product) {
            $custom_data = $this->model_sale_order->getOrderCustoms(
                $this->request->get['order_id'],
                $product['order_product_id']
            );
        
            if (!empty($custom_data[0]['custom_data'])) {
                $json_data = json_decode($custom_data[0]['custom_data'], true);
        
                if (is_array($json_data)) {
                    foreach ($json_data as $item) {
                        // Image-related items
                        if (
                            isset($item['type'], $item['src']) &&
                            ($item['type'] === 'logo' || $item['type'] === 'image')
                        ) {
                            $data['images_data'][] = [
                                'src' => $item['src'],
                                'width' => $item['width'] ?? null,
                                'height' => $item['height'] ?? null,
                            ];
                        }
                        // Text-related items
                        elseif (
                            isset($item['type'], $item['text']) &&
                            ($item['type'] === 'name' || $item['type'] === 'number')
                        ) {
                            $data['text_data'][] = [
                                'text' => $item['text'],
                                'fontSize' => $item['fontSize'] ?? null,
                                'fontFamily' => $item['fontFamily'] ?? '',
                                'color' => $item['color'] ?? '#000000',
                                'x' => $item['x'] ?? 0,
                                'y' => $item['y'] ?? 0,
                                'rotation' => $item['rotation'] ?? 0,
                            ];
                        }
                    }
                }
            }
        }
      ]]></add>
    </operation>
  </file>

  <file path="admin/model/catalog/product.php">
    <operation>
      <search index="0"><![CDATA[if (isset($data['product_special'])) {]]></search>
      <add position="before"><![CDATA[
        $decodedCustomData = html_entity_decode($data['custom_data']);
        if (!empty($decodedCustomData)) {
          $this->db->query("INSERT INTO " . DB_PREFIX . "product_custom_config SET product_id = '" . (int)$product_id . "', custom_data = '" . $this->db->escape($decodedCustomData) . "', restrict_add_element = '" . (int)$data['restrict_add_element'] . "', restrict_text_size = '" . (int)$data['restrict_text_size'] . "', restrict_text_color = '" . (int)$data['restrict_text_color'] . "', restrict_text_position = '" . (int)$data['restrict_text_position'] . "', restrict_text_rotation = '" . (int)$data['restrict_text_rotation'] . "', restrict_text_font = '" . (int)$data['restrict_text_font'] . "', restrict_image_position = '" . (int)$data['restrict_image_position'] . "', restrict_image_rotation = '" . (int)$data['restrict_image_rotation'] . "'");
        }
      ]]></add>
	  </operation>

    <operation>
      <search index="0"><![CDATA[$this->db->query("DELETE FROM " . DB_PREFIX . "product_special WHERE product_id = '" . (int)$product_id . "'");]]></search>
      <add position="before"><![CDATA[
        $custom_data = $this->getProductCustomConfig((int)$product_id);
        if (!$custom_data){
          $decodedCustomData = html_entity_decode($data['custom_data']);
          if (!empty($decodedCustomData)) {
          $this->db->query("INSERT INTO " . DB_PREFIX . "product_custom_config SET product_id = '" . (int)$product_id . "', custom_data = '" . $this->db->escape($decodedCustomData) . "', restrict_add_element = '" . (int)$data['restrict_add_element'] . "', restrict_text_size = '" . (int)$data['restrict_text_size'] . "', restrict_text_color = '" . (int)$data['restrict_text_color'] . "', restrict_text_rotation = '" . (int)$data['restrict_text_rotation'] . "', restrict_text_position = '" . (int)$data['restrict_text_position'] . "', restrict_text_font = '" . (int)$data['restrict_text_font'] . "', restrict_image_rotation = '" . (int)$data['restrict_image_rotation'] . "', restrict_image_position = '" . (int)$data['restrict_image_position'] . "'");
          }
            } else {
          $decodedCustomData = html_entity_decode($data['custom_data']);
          if (!empty($decodedCustomData)) {
          $this->db->query("UPDATE " . DB_PREFIX . "product_custom_config SET custom_data = '" . $this->db->escape($decodedCustomData) . "' WHERE product_id = '" . (int)$product_id . "'");
          }

          $this->db->query("UPDATE " . DB_PREFIX . "product_custom_config SET restrict_add_element = '" . (int)$data['restrict_add_element'] . "', restrict_text_size = '" . (int)$data['restrict_text_size'] . "', restrict_text_color = '" . (int)$data['restrict_text_color'] . "', restrict_text_rotation = '" . (int)$data['restrict_text_rotation'] . "', restrict_text_position = '" . (int)$data['restrict_text_position'] . "', restrict_text_font = '" . (int)$data['restrict_text_font'] . "', restrict_image_rotation = '" . (int)$data['restrict_image_rotation'] . "', restrict_image_position = '" . (int)$data['restrict_image_position'] . "' WHERE product_id = '" . (int)$product_id . "'");
        }
      ]]></add>
	  </operation>

    <operation>
      <search index="1"><![CDATA[$this->db->query("DELETE FROM " . DB_PREFIX . "product_filter WHERE product_id = '" . (int)$product_id . "'");]]></search>
      <add position="before"><![CDATA[$this->db->query("DELETE FROM " . DB_PREFIX . "product_custom_config WHERE product_id = '" . (int)$product_id . "'");]]></add>
	  </operation>

    <operation>
      <search><![CDATA[public function getProductSpecials($product_id) {]]></search>
      <add position="before"><![CDATA[
        public function getProductCustomConfig($product_id) {
          $query = $this->db->query("SELECT * FROM " . DB_PREFIX . "product_custom_config WHERE product_id = '" . (int)$product_id . "' ORDER BY product_custom_id ASC");

          return $query->row;
        }
      ]]></add>
	  </operation>

    <operation>
      <search><![CDATA[$data['product_filter'] = $this->getProductFilters($product_id);]]></search>
      <add position="before"><![CDATA[
        $custom_data = $this->getProductCustomConfig($product_id);
        $data['custom_data'] = $custom_data['custom_data'];
        $data['restrict_add_element'] = $custom_data['restrict_add_element'];
        $data['restrict_text_size'] = $custom_data['restrict_text_size'];
        $data['restrict_text_color'] = $custom_data['restrict_text_color'];
        $data['restrict_text_rotation'] = $custom_data['restrict_text_rotation'];
        $data['restrict_text_position'] = $custom_data['restrict_text_position'];
        $data['restrict_text_font'] = $custom_data['restrict_text_font'];
        $data['restrict_image_rotation'] = $custom_data['restrict_image_rotation'];
        $data['restrict_image_position'] = $custom_data['restrict_image_position'];
      ]]></add>
	  </operation>
  </file>

  <file path="admin/model/sale/order.php">
    <operation>
      <search><![CDATA[public function getOrderVouchers($order_id) {]]></search>
      <add position="before"><![CDATA[
        public function getOrderCustoms($order_id, $order_product_id) {
          $query = $this->db->query("SELECT * FROM " . DB_PREFIX . "order_custom WHERE order_id = '" . (int)$order_id . "' AND order_product_id = '" . (int)$order_product_id . "'");

          return $query->rows;
        }
      ]]></add>
    </operation>
  </file>

  <file path="admin/view/template/catalog/product_form.twig">
    <operation>
      <search><![CDATA[<li><a href="#tab-links" data-toggle="tab">{{ tab_links }}</a></li>]]></search>
      <add position="before"><![CDATA[{% if custom_design_cart %}<li><a href="#tab-custom" data-toggle="tab">{{ entry_add_custom_product }}</a></li>{% endif %}]]></add>
    </operation>

    <operation>
      <search><![CDATA[<div class="tab-pane" id="tab-links">]]></search>
      <add position="before"><![CDATA[
        {% if custom_design_cart %}
        <div class="tab-pane" id="tab-custom">
          
          <div class="text-center">
            <h1 class="mb-4">Product Customization</h1>
            <p class="lead">Click the button below to open the product editor.</p>
            <button type="button" class="btn btn-primary shadow-sm" data-toggle="modal" data-target="#productEditorModal"
              {% if 'no_image' in thumb_mockup_image %}disabled{% endif %}>
              Configure
            </button>

            <div class="mt-5 p-3 bg-light rounded shadow-sm">
              <textarea style="display:none;" name="custom_data" id="iframeDataDisplay" rows="20" class="form-control p-3 bg-white border rounded mt-5"></textarea>
                
            </div>
        </div>

        <div class="modal fade" id="productEditorModal" tabindex="-1" role="dialog" aria-labelledby="productEditorModalLabel" aria-hidden="true">
          <div class="modal-dialog modal-lg modal-dialog-centered" role="document"></div>
            <div class="modal-content">
              <div class="modal-header">
                <h2 class="modal-title text-center" id="productEditorModalLabel">Product Editor</h2>
              </div>
              <div class="modal-body" style="padding:0;">
                <iframe id="productEditorIframe" src="{{iframe_url}}?product_id={{product_id}}&base={{base}}" allowfullscreen style="width:100%;height:75vh;border:none;"></iframe>
              </div>
              <div class="modal-footer">
                <button type="button" class="btn btn-success" id="saveInModalHeader">Save</button>
                <button type="button" class="btn btn-secondary" data-dismiss="modal">Close Editor</button>
              </div>
            </div>
          </div>

          <div class="row col-sm-12">
            
            <table class="table table-striped table-bordered table-hover" style="margin-top: 20px;">
              <thead>
                <tr>
                  <td class="text-left">{{ entry_mockup_upload }}</td>
                  <td class="text-right" style="color:red;">{{ entry_text_info }}</td>
                </tr>
              </thead>
              <tbody>
                <tr>
                  <td class="text-left"><a href="" id="thumb-mockup-image" data-toggle="image" class="img-thumbnail"><img src="{{ thumb_mockup_image }}" alt="" title="" data-placeholder="{{ placeholder }}"/></a> <input type="hidden" name="mockup_image" value="{{ mockup_image }}" id="input-mockup-image"/></td>
                </tr>
              </tbody>
            </table>

            <h1 class="text-center" style="margin-top: 20px;">{{ entry_text_add_element }}</h1>
            <div class="form-group">
              <label class="col-sm-2 control-label" for="input-add-element">{{ entry_restrict_add_element }}</label>
              <div class="col-sm-10">
                <select name="restrict_add_element" id="input-add-element" class="form-control">


                  {% if restrict_add_element %}


                    <option value="1" selected="selected">{{ text_yes }}</option>
                    <option value="0">{{ text_no }}</option>


                  {% else %}


                    <option value="1">{{ text_yes }}</option>
                    <option value="0" selected="selected">{{ text_no }}</option>


                  {% endif %}


                </select>
              </div>
            </div>

            <h1 class="text-center" style="margin-top: 20px;">{{ entry_text_restriction }}</h1>
            <div class="form-group">
              <label class="col-sm-2 control-label" for="input-size">{{ entry_restrict_text_size }}</label>
              <div class="col-sm-10">
                <select name="restrict_text_size" id="input-text-size" class="form-control">


                  {% if restrict_text_size %}


                    <option value="1" selected="selected">{{ text_yes }}</option>
                    <option value="0">{{ text_no }}</option>


                  {% else %}


                    <option value="1">{{ text_yes }}</option>
                    <option value="0" selected="selected">{{ text_no }}</option>


                  {% endif %}


                </select>
              </div>
            </div>
            <div class="form-group">
              <label class="col-sm-2 control-label" for="input-color">{{ entry_restrict_text_color }}</label>
              <div class="col-sm-10">
                <select name="restrict_text_color" id="input-text-color" class="form-control">


                  {% if restrict_text_color %}


                    <option value="1" selected="selected">{{ text_yes }}</option>
                    <option value="0">{{ text_no }}</option>


                  {% else %}


                    <option value="1">{{ text_yes }}</option>
                    <option value="0" selected="selected">{{ text_no }}</option>


                  {% endif %}


                </select>
              </div>
            </div>
            <div class="form-group">
              <label class="col-sm-2 control-label" for="input-rotation">{{ entry_restrict_text_rotation }}</label>
              <div class="col-sm-10">
                <select name="restrict_text_rotation" id="input-text-rotation" class="form-control">


                  {% if restrict_text_rotation %}


                    <option value="1" selected="selected">{{ text_yes }}</option>
                    <option value="0">{{ text_no }}</option>


                  {% else %}


                    <option value="1">{{ text_yes }}</option>
                    <option value="0" selected="selected">{{ text_no }}</option>


                  {% endif %}


                </select>
              </div>
            </div>
            <div class="form-group">
              <label class="col-sm-2 control-label" for="input-position">{{ entry_restrict_text_position }}</label>
              <div class="col-sm-10">
                <select name="restrict_text_position" id="input-text-position" class="form-control">


                  {% if restrict_text_position %}


                    <option value="1" selected="selected">{{ text_yes }}</option>
                    <option value="0">{{ text_no }}</option>


                  {% else %}


                    <option value="1">{{ text_yes }}</option>
                    <option value="0" selected="selected">{{ text_no }}</option>


                  {% endif %}


                </select>
              </div>
            </div>
            <div class="form-group">
              <label class="col-sm-2 control-label" for="input-font">{{ entry_restrict_text_font }}</label>
              <div class="col-sm-10">
                <select name="restrict_text_font" id="input-text-font" class="form-control">


                  {% if restrict_text_font %}


                    <option value="1" selected="selected">{{ text_yes }}</option>
                    <option value="0">{{ text_no }}</option>


                  {% else %}


                    <option value="1">{{ text_yes }}</option>
                    <option value="0" selected="selected">{{ text_no }}</option>


                  {% endif %}


                </select>
              </div>
            </div>

            <h1 class="text-center" style="margin-top: 20px;">{{ entry_image_restriction }}</h1>
            <div class="form-group">
              <label class="col-sm-2 control-label" for="input-rotation">{{ entry_restrict_image_rotation }}</label>
              <div class="col-sm-10">
                <select name="restrict_image_rotation" id="input-image-rotation" class="form-control">


                  {% if restrict_image_rotation %}


                    <option value="1" selected="selected">{{ text_yes }}</option>
                    <option value="0">{{ text_no }}</option>


                  {% else %}


                    <option value="1">{{ text_yes }}</option>
                    <option value="0" selected="selected">{{ text_no }}</option>


                  {% endif %}


                </select>
              </div>
            </div>
            <div class="form-group">
              <label class="col-sm-2 control-label" for="input-position">{{ entry_restrict_image_position }}</label>
              <div class="col-sm-10">
                <select name="restrict_image_position" id="input-image-position" class="form-control">


                  {% if restrict_image_position %}


                    <option value="1" selected="selected">{{ text_yes }}</option>
                    <option value="0">{{ text_no }}</option>


                  {% else %}


                    <option value="1">{{ text_yes }}</option>
                    <option value="0" selected="selected">{{ text_no }}</option>


                  {% endif %}


                </select>
              </div>
            </div>
            
          </div>

        </div>

        <script>
          window.designState = null;

          $(document).ready(function() {
              const productEditorModal = $('#productEditorModal');
              const saveInModalHeaderBtn = $('#saveInModalHeader');
              const iframeDataDisplay = $('#iframeDataDisplay');

              window.addEventListener('message', function(event) {
              if (event.data && event.data.type === 'DESIGN_STATE') {
                window.designState = event.data.data;
                iframeDataDisplay.text(JSON.stringify(window.designState, null, 2));
                console.log('Received from iframe:', designState);
                }
              });

              saveInModalHeaderBtn.on('click', function() {
                  productEditorModal.modal('hide');
              });

              productEditorModal.on('show.bs.modal', function () {
                  iframeDataDisplay.text("No data received yet.");
              });
          });
        </script>
        {% endif %}
      ]]></add>
    </operation>
  </file>

  <file path="admin/view/template/sale/order_info.twig">
    <operation>
      <search><![CDATA[{% endfor %}</td>]]></search>
      <add position="replace"><![CDATA[
          {% endfor %}
          {% if custom_design_cart and product.custom_data %}
          {% if images_data %}
          {% for image_data in images_data %}
          <h3>
            - Image :
            <a href="{{image_data.src}}" download>
              <img src="{{image_data.src}}" alt="" style="width:42px;height:42px; cursor:pointer;">
            </a>
          </h3>
          <h3> - Printable Image Size : Width - {{image_data.width}} x Height - {{image_data.height}}</h3>
          {% endfor %}
          {% endif %}
          <div class="text-center">
            <button type="button" class="btn btn-primary shadow-sm" data-toggle="modal" data-target="#productEditorModal{{ product.order_product_id}}">
                Preview Customized Product
            </button>

            <div class="mt-5 p-3 bg-light rounded shadow-sm">
              <textarea style="display:none;" name="custom_data" id="iframeDataDisplay" rows="20" class="form-control p-3 bg-white border rounded mt-5"></textarea>
                
            </div>
        </div>

        <div class="modal fade" id="productEditorModal{{ product.order_product_id}}" tabindex="-1" role="dialog" aria-labelledby="productEditorModalLabel" aria-hidden="true">
          <div class="modal-dialog modal-lg modal-dialog-centered" role="document"></div>
            <div class="modal-content">
              <div class="modal-header">
              </div>
              <div class="modal-body" style="padding:0;">
                <iframe id="productEditorIframe{{ product.order_product_id}}" src="{{iframe_url}}?order_product_id={{ product.order_product_id}}&product_id={{product.product_id}}&base={{base}}&preview=true&strict=true&zoom=100" allowfullscreen style="width:100%;height:75vh;border:none;"></iframe>
              </div>
              <div class="modal-footer">
                <button type="button" class="btn btn-secondary" data-dismiss="modal">Close Preview</button>
              </div>
            </div>
          </div>
          {% endif %}
        </div>
        </td>
      ]]></add>
    </operation>
  </file>

  <file path="catalog/controller/account/order.php">
    <operation>
      <search><![CDATA[public function info() {]]></search>
      <add position="after"><![CDATA[
        $data['iframe_url'] = $this->config->get('module_customdesigncart_iframe_url');
		    $data['custom_design_cart'] = $this->config->get('module_customdesigncart_status');
        if ($this->request->server['HTTPS']) {
          $data['base'] = HTTPS_SERVER;
        } else {
          $data['base'] = HTTP_SERVER;
        }
      ]]></add>
    </operation>

    <operation>
      <search><![CDATA[$data['products'][] = array(]]></search>
      <add position="before"><![CDATA[$custom_data = $this->model_account_order->getOrderCustoms($this->request->get['order_id'], $product['order_product_id']);]]></add>
    </operation>

    <operation>
      <search><![CDATA[$data['products'][] = array(]]></search>
      <add position="after"><![CDATA[
        'order_product_id' => $product['order_product_id'],
        'product_id' => $product['product_id'],
        'custom_data' => $custom_data,
      ]]></add>
    </operation>
  </file>

  <file path="catalog/controller/checkout/cart.php">
    <operation>
      <search><![CDATA[public function index() {]]></search>
      <add position="after"><![CDATA[
        $data['iframe_url'] = $this->config->get('module_customdesigncart_iframe_url');
		    $data['custom_design_cart'] = $this->config->get('module_customdesigncart_status');
        if ($this->request->server['HTTPS']) {
          $data['base'] = HTTPS_SERVER;
        } else {
          $data['base'] = HTTP_SERVER;
        }
      ]]></add>
    </operation>

    <operation>
      <search><![CDATA[$data['products'][] = array(]]></search>
      <add position="after"><![CDATA[
        'product_id'   => $product['product_id'],
        'custom_data'    => $product['custom_data'],
      ]]></add>
    </operation>

    <operation>
      <search><![CDATA[$product_options = $this->model_catalog_product->getProductOptions($this->request->post['product_id']);]]></search>
      <add position="before"><![CDATA[
        if (isset($this->request->post['custom_data'])) {
          $custom_data = html_entity_decode($this->request->post['custom_data']);
        } else {
          $custom_data = NULL;
        }
      ]]></add>
    </operation>

    <operation>
      <search><![CDATA[$this->cart->add($this->request->post['product_id'], $quantity, $option, $recurring_id);]]></search>
      <add position="replace"><![CDATA[$this->cart->add($this->request->post['product_id'], $quantity, $option, $custom_data, $recurring_id);]]></add>
    </operation>
	</file>

  <file path="catalog/controller/checkout/confirm.php">
    <operation>
      <search><![CDATA[$order_data['products'][] = array(]]></search>
      <add position="after"><![CDATA['custom_data'     => $product['custom_data'],]]></add>
    </operation>

    <operation>
      <search><![CDATA[$data['products'][] = array(]]></search>
      <add position="after"><![CDATA['custom_data'     => $product['custom_data'],]]></add>
    </operation>
  </file>

  <file path="catalog/controller/common/cart.php">
		<operation>
			<search><![CDATA[$data['products'][] = array(]]></search>
			<add position="after"><![CDATA['custom_data'    => $product['custom_data'],]]></add>
		</operation>
	</file>

  <file path="catalog/controller/product/product.php">
    <operation>
      <search><![CDATA[public function index() {]]></search>
      <add position="before"><![CDATA[
        public function getCustomCartData() {
			// set headers to allow cross origin requests
            $this->response->addHeader('Access-Control-Allow-Origin: https://v0-custom-product-editor.vercel.app');
            $this->response->addHeader('Access-Control-Allow-Methods: GET, POST, OPTIONS');
            $this->response->addHeader('Access-Control-Allow-Headers: Content-Type, Authorization');
          $this->load->model('catalog/product');

          $cart_id = isset($this->request->get['cart_id']) ? (int)$this->request->get['cart_id'] : 0;

          // Set JSON response header
          $this->response->addHeader('Content-Type: application/json');

          if (!$cart_id) {
            $this->response->setOutput(json_encode([
              'success' => false,
              'message' => 'Missing or invalid product_id'
            ]));
            return;
          }

          // Query the database for the custom_data
          $query = $this->db->query("SELECT custom_data FROM `" . DB_PREFIX . "cart` WHERE cart_id = '" . (int)$cart_id . "'");

          if ($query->num_rows) {
            $custom_data = json_decode($query->row['custom_data'], true);

            $this->response->setOutput('{"elements": '.json_encode($custom_data).',"textLayerCounter": 0,"imageLayerCounter": 0}');
          } else {
            $this->response->setOutput(json_encode([
              'success' => false,
              'message' => 'No custom data found for this product'
            ]));
          }
        }

        public function getCustomOrderData() {
			// set headers to allow cross origin requests
            $this->response->addHeader('Access-Control-Allow-Origin: https://v0-custom-product-editor.vercel.app');
            $this->response->addHeader('Access-Control-Allow-Methods: GET, POST, OPTIONS');
            $this->response->addHeader('Access-Control-Allow-Headers: Content-Type, Authorization');
          $this->load->model('catalog/product');

          $order_product_id = isset($this->request->get['order_product_id']) ? (int)$this->request->get['order_product_id'] : 0;

          // Set JSON response header
          $this->response->addHeader('Content-Type: application/json');

          if (!$order_product_id) {
            $this->response->setOutput(json_encode([
              'success' => false,
              'message' => 'Missing or invalid product_id'
            ]));
            return;
          }

          // Query the database for the custom_data
          $query = $this->db->query("SELECT custom_data FROM `" . DB_PREFIX . "order_custom` WHERE order_product_id = '" . (int)$order_product_id . "'");

          if ($query->num_rows) {
            $custom_data = json_decode($query->row['custom_data'], true);

            $this->response->setOutput('{"elements": '.json_encode($custom_data).',"textLayerCounter": 0,"imageLayerCounter": 0}');
          } else {
            $this->response->setOutput(json_encode([
              'success' => false,
              'message' => 'No custom data found for this product'
            ]));
          }
        }

        public function getCustomConfigData() {
			// set headers to allow cross origin requests
            $this->response->addHeader('Access-Control-Allow-Origin: https://v0-custom-product-editor.vercel.app');
            $this->response->addHeader('Access-Control-Allow-Methods: GET, POST, OPTIONS');
            $this->response->addHeader('Access-Control-Allow-Headers: Content-Type, Authorization');

          $this->load->model('catalog/product');

          $product_id = isset($this->request->get['product_id']) ? (int)$this->request->get['product_id'] : 0;

          // Set JSON response header
          $this->response->addHeader('Content-Type: application/json');

          if (!$product_id) {
            $this->response->setOutput(json_encode([
              'success' => false,
              'message' => 'Missing or invalid product_id'
            ]));
            return;
          }

          // Query the database for the custom_data
          $query = $this->db->query("SELECT custom_data FROM `" . DB_PREFIX . "product_custom_config` WHERE product_id = '" . (int)$product_id . "'");

          if ($query->num_rows) {
            $custom_data = json_decode($query->row['custom_data'], true);

            $this->response->setOutput('{"elements": '.json_encode($custom_data).',"textLayerCounter": 0,"imageLayerCounter": 0}');
          } else {
            $this->response->setOutput(json_encode([
              'success' => false,
              'message' => 'No custom data found for this product'
            ]));
          }
        }
      ]]></add>
    </operation>

    <operation>
      <search><![CDATA[$data['options'] = array();]]></search>
      <add position="before"><![CDATA[
        $data['iframe_url'] = $this->config->get('module_customdesigncart_iframe_url');
        $data['custom_design_cart'] = $this->config->get('module_customdesigncart_status');

        if ($this->request->server['HTTPS']) {
          $data['base'] = HTTPS_SERVER;
        } else {
          $data['base'] = HTTP_SERVER;
        }

        $custom_config_data = $this->model_catalog_product->getProductCustomConfig((int)$this->request->get['product_id']);
        $data['custom_config_data'] = $custom_config_data;

        if (!empty($data['custom_config_data'])) {
          $data['add_element'] = ($custom_config_data['restrict_add_element'] == 1) ? "false" : "true";
          $data['font_family'] = ($custom_config_data['restrict_text_font'] == 1) ? "false" : "true";
          $data['font_size'] = ($custom_config_data['restrict_text_size'] == 1) ? "false" : "true";
          $data['position'] = ($custom_config_data['restrict_text_position'] == 1) ? "false" : "true";
          $data['rotation'] = ($custom_config_data['restrict_text_rotation'] == 1) ? "false" : "true";
          $data['color'] = ($custom_config_data['restrict_text_color'] == 1) ? "false" : "true";
          $data['logo_position'] = ($custom_config_data['restrict_image_position'] == 1) ? "false" : "true";
          $data['logo_rotation'] = ($custom_config_data['restrict_image_rotation'] == 1) ? "false" : "true";
        }
      ]]></add>
    </operation>
	</file>

  <file path="catalog/model/account/order.php"> 
    <operation>
      <search><![CDATA[public function getOrderVouchers($order_id) {]]></search>
      <add position="before"><![CDATA[
        public function getOrderCustoms($order_id, $order_product_id) {
          $query = $this->db->query("SELECT * FROM " . DB_PREFIX . "order_custom WHERE order_id = '" . (int)$order_id . "' AND order_product_id = '" . (int)$order_product_id . "'");

          return $query->rows;
        }
      ]]></add>
    </operation>
	</file>

  <file path="catalog/model/catalog/product.php">
    <operation>
      <search><![CDATA[public function getProduct($product_id) {]]></search>
      <add position="before"><![CDATA[
        public function getProductCustomConfig($product_id) {
          $query = $this->db->query("SELECT * FROM " . DB_PREFIX . "product_custom_config WHERE product_id = '" . (int)$product_id . "' ORDER BY product_custom_id ASC");

          return $query->row;
        }
      ]]></add>
    </operation>
	</file>

  <file path="catalog/model/checkout/order.php">
    <operation>
      <search index="0"><![CDATA[$order_product_id = $this->db->getLastId();]]></search>
      <add position="after"><![CDATA[
        if (!empty($product['custom_data']) && $product['custom_data'] != NULL) {
          $this->db->query("INSERT INTO " . DB_PREFIX . "order_custom SET order_id = '" . (int)$order_id . "', order_product_id = '" . (int)$order_product_id . "', custom_data = '" . $this->db->escape($product['custom_data']) . "'");
        }
      ]]></add>
    </operation>

    <operation>
      <search><![CDATA[$this->db->query("DELETE FROM " . DB_PREFIX . "order_option WHERE order_id = '" . (int)$order_id . "'");]]></search>
      <add position="before"><![CDATA[$this->db->query("DELETE FROM " . DB_PREFIX . "order_custom WHERE order_id = '" . (int)$order_id . "'");]]></add>
    </operation>

    <operation>
      <search index="1"><![CDATA[foreach ($product['option'] as $option) {]]></search>
      <add position="before"><![CDATA[
        if (!empty($product['custom_data']) && $product['custom_data'] != NULL) {
          $this->db->query("INSERT INTO " . DB_PREFIX . "order_custom SET order_id = '" . (int)$order_id . "', order_product_id = '" . (int)$order_product_id . "', custom_data = '" . $this->db->escape($product['custom_data']) . "'");
        }
      ]]></add>
    </operation>
	</file>

  <file path="catalog/view/theme/default/template/account/order_info.twig">
    <operation>
      <search><![CDATA[&nbsp;<small> - {{ option.name }}: {{ option.value }}</small> {% endfor %}</td>]]></search>
      <add position="replace"><![CDATA[
          &nbsp;<small> - {{ option.name }}: {{ option.value }}</small> {% endfor %}

          {% if custom_design_cart and product.custom_data %}
          <div class="text-center">
            <button type="button" class="btn btn-primary shadow-sm" data-toggle="modal" data-target="#productEditorModal{{ product.order_product_id}}">
                Preview Customized Product
            </button>

            <div class="mt-5 p-3 bg-light rounded shadow-sm">
              <textarea style="display:none;" name="custom_data" id="iframeDataDisplay" rows="20" class="form-control p-3 bg-white border rounded mt-5"></textarea>
                
            </div>
          </div>

          <div class="modal fade" id="productEditorModal{{ product.order_product_id}}" tabindex="-1" role="dialog" aria-labelledby="productEditorModalLabel" aria-hidden="true">
            <div class="modal-dialog modal-lg modal-dialog-centered" role="document"></div>
              <div class="modal-content">
                <div class="modal-header">
                </div>
                <div class="modal-body" style="padding:0;">
                  <iframe id="productEditorIframe{{ product.order_product_id}}" src="{{iframe_url}}?order_product_id={{ product.order_product_id}}&product_id={{product.product_id}}&base={{base}}&preview=true&strict=true&zoom=100" allowfullscreen style="width:100%;height:75vh;border:none;"></iframe>
                </div>
                <div class="modal-footer">
                  <button type="button" class="btn btn-secondary" data-dismiss="modal">Close Preview</button>
                </div>
              </div>
            </div>
            {% endif %}
          </div>          
        </td>
      ]]></add>
    </operation>
	</file>

  <file path="catalog/view/theme/default/template/checkout/cart.twig">
    <operation>
      <search><![CDATA[{% if product.reward %} <br/>]]></search>
      <add position="before"><![CDATA[
        {% if custom_design_cart and product.custom_data != NULL %}
        <div class="text-center">
          <button type="button" class="btn btn-primary shadow-sm" data-toggle="modal" data-target="#productEditorModal{{ product.cart_id}}">
              Preview Customized Product
          </button>

          <div class="mt-5 p-3 bg-light rounded shadow-sm">
            <textarea style="display:none;" name="custom_data" id="iframeDataDisplay" rows="20" class="form-control p-3 bg-white border rounded mt-5"></textarea>
              
          </div>
        </div>

        <div class="modal fade" id="productEditorModal{{ product.cart_id}}" tabindex="-1" role="dialog" aria-labelledby="productEditorModalLabel" aria-hidden="true">
          <div class="modal-dialog modal-lg modal-dialog-centered" role="document"></div>
            <div class="modal-content">
              <div class="modal-header">
              </div>
              <div class="modal-body" style="padding:0;">
                <iframe id="productEditorIframe{{ product.cart_id}}" src="{{iframe_url}}?cart_id={{ product.cart_id}}&product_id={{product.product_id}}&base={{base}}&preview=true&strict=true&zoom=100" allowfullscreen style="width:100%;height:75vh;border:none;"></iframe>
              </div>
              <div class="modal-footer">
                <button type="button" class="btn btn-secondary" data-dismiss="modal">Close Preview</button>
              </div>
            </div>
          </div>
          {% endif %}
        </div>
      ]]></add>
    </operation>
	</file>

  <file path="catalog/view/theme/default/template/product/product.twig">
    <operation>
      <search><![CDATA[<input type="text" name="quantity" value="{{ minimum }}" size="2" id="input-quantity" class="form-control" />]]></search>
      <add position="after"><![CDATA[
        <br>{% if custom_design_cart and custom_config_data %}
          <div class="text-center">
            <button type="button" class="btn btn-success btn-lg btn-block" data-toggle="modal" data-target="#productEditorModal">
                Customize Product
            </button>

            <div class="mt-5 p-3 bg-light rounded shadow-sm">
              <textarea style="display:none;" name="custom_data" id="customization" rows="20" class="form-control p-3 bg-white border rounded mt-5"></textarea>
                
            </div>
        </div>

        <div class="modal fade" id="productEditorModal" tabindex="-1" role="dialog" aria-labelledby="productEditorModalLabel" aria-hidden="true">
          <div class="modal-dialog modal-lg modal-dialog-centered" role="document"></div>
            <div class="modal-content">
              <div class="modal-header">
                <h2 class="modal-title text-center" id="productEditorModalLabel">Product Editor</h2>
              </div>
              <div class="modal-body" style="padding:0;">
                <iframe id="productEditorIframe" src="{{iframe_url}}?product_id={{ product_id}}&base={{base}}&font_family={{font_family}}&font_size={{font_size}}&position={{position}}&rotation={{rotation}}&color={{color}}&logo_position={{logo_position}}&logo_rotation={{logo_rotation}}&add_element={{add_element}}" allowfullscreen style="width:100%;height:75vh;border:none;"></iframe>
              </div>
              <div class="modal-footer">
                <button type="button" class="btn btn-success" id="saveInModalHeader">Save</button>
                <button type="button" class="btn btn-secondary" data-dismiss="modal">Close Editor</button>
              </div>
            </div>
          </div>
        </div>
        {% endif %}
      ]]></add>
    </operation>

    <operation>
      <search><![CDATA[{{ footer }}]]></search>
      <add position="before"><![CDATA[
        {% if custom_design_cart and custom_config_data %} 
        <script type="text/javascript">
          window.addEventListener('load', function() {
            window.designState = null;
            $('#saveInModalHeader').attr('disabled', true);
            $('#button-cart').attr('disabled', true);

            $(document).ready(function() {
                const productEditorModal = $('#productEditorModal');
                const saveInModalHeaderBtn = $('#saveInModalHeader');
                const customization = $('#customization');

                window.addEventListener('message', function(event) {
                if (event.data && event.data.type === 'DESIGN_STATE') {
                  window.designState = event.data.data;
                  customization.text(JSON.stringify(window.designState, null, 2));
                  $('#saveInModalHeader').attr('disabled', false);
                  $('#button-cart').attr('disabled', false);

                  }
                });

                saveInModalHeaderBtn.on('click', function() {
                    productEditorModal.modal('hide');
                });
            });
          });
        </script>
        {% endif %}
      ]]></add>
    </operation>

    <operation>
      <search><![CDATA[data: $('#product input[type=\'text\'], #product input[type=\'hidden\'], #product input[type=\'radio\']:checked, #product input[type=\'checkbox\']:checked, #product select, #product textarea'),]]></search>
      <add position="replace"><![CDATA[data: $('#product input[type=\'text\'], #product input[type=\'hidden\'], #product input[type=\'radio\']:checked, #product input[type=\'checkbox\']:checked, #product select, #product textarea, #iframeDataDisplay'),]]></add>
    </operation>
	</file>
</modification>